ID,author,year,language,temporal_period,n_stanzas,text,text_en
UP1184_1,Halyna Kruk,2022.0,Ukrainian,post_2022,3,"літературний менеджер від Бога

ближче до кінця дві тисячі двадцять другого
у неї накопичилося стільки унікального досвіду,
на який жодного резюме не вистачить:
- досвід організації велелюдної події
- досвід організації велелюдної літературної події 
без розповсюдження інформації про подію, 
коли під час карантину велелюдні події були заборонені, 
- без повідомлень до останнього, де і коли вона відбудеться
- без реєстрації, коли велелюдні події нарешті дозволили,
- без афіш, коли боялися зумисних прильотів,
- без електрики, коли її почали вимикати, 
- при свічках, при генераторах, при динамомашинами, 
- у машинних залах, у підпільних казино, у нічних клубах
- у випадкових підвальних приміщеннях, 
коли зверху таки прилітало,
- з багатотисячними зборами на військові потреби,
- з мільйонними переглядами по усіх континентах
- із зірковими гостями, які змагалися за запрошення на виступ,
- із записом на місяць наперед, щоб змогти потрапити,
- із постійною глядацькою передплатою...

- із таким досвідом ти точно не залишишся без роботи, - 
казав їй чоловік, - в майбутньому тобі світить крута кар'єра!
- аякже, - хмикала вона, - мене обов'язкого запросять
організувати кінець світу! але я відмовлюсь
і додавала про себе: 
бо кінець світу треба зустрічати у вузькому сімейному колі","literary manager from God // Nearer to the end of two thousand twenty and second,
In her hath accumulated so much unique experience,
To which no resume shall suffice:
- experience of organizing a grand event
- experience of organizing a grand literary event
Without the dissemination of information about the event,
When during the quarantine grand events were forbidden,
- without announcements until the last, where and when it shall take place
- without registration, when grand events were finally permitted,
- without posters, when they feared intentional arrivals,
- without electricity, when it began to be turned off,
- by candlelight, by generators, by dynamo machines,
- in machine halls, in underground casinos, in night clubs
- in random basement premises,
When above it did indeed arrive,
- with thousands gathered for military needs,
- with millions of views across all continents
- with star guests, who did compete for invitations to perform,
- with bookings a month in advance, to be able to attend,
- with constant audience subscriptions... // - with such experience thou shalt surely not remain without work, -
Said he to her, - in the future doth shine a cool career for thee!
- Indeed, - she did hum, - they shall surely invite me
To organize the end of the world! But I shall refuse
And she did add to herself:
For the end of the world must be met in a narrow family circle"
UP1191_1,Halyna Kruk,2022.0,Ukrainian,post_2022,1,"#довоєнні_вірші як все змінилося, здається, що безповоротно","#pre-war verses, how all hath changed, it seemeth that irrevocably."
UP1198_1,Iya Kiva,2022.0,Ukrainian,post_2022,8,"мертві діти стоять за нашими спинами –
чорні й прозорі, червоні й з обличчями попелястими –
немовби нанизують прапорці із паперу
на довгу як ніч без любові шворку життя

і спалахи тиші запалюють свічку надії –
єдину на всіх – тільки так обіймають в притулку

ми ж сходи терпіння долаємо листя за листям
на дерев’яних з безсоння ногах

і ходимо високо – аж до дзвонів небесних –
між крихт металевих і вирваних язиків
шукаючи в шпарках для віри втрачений слух

всі псалми падіння – тінь страху, що полишив нас першим

час плавиться, час, наче світло, змінює колір –
так річка приймає в свій дім владу землі
і шлях розгортає немовби долоні довіри
в яких порожнеча вирощує подорожник

а там де ножем зрізають імено води –
не скрапує кров – там пробивається голос

грудень 2022","Dead children dost stand behind our backs –
Black and transparent, red and with faces ash-colored –
As if they dost string paper flags
Upon a length as night without love, a cord of life. // And the flashes of silence dost kindle a candle of hope –
The only one for all – thus dost they embrace in refuge. // We dost overcome the stairs of patience leaf by leaf
Upon wooden legs of sleeplessness. // And we dost walk high – even unto the bells of heaven –
Amidst the crumbs of metal and torn tongues
Seeking in the cracks for faith the lost hearing. // All psalms of falling – the shadow of fear that hath forsaken us first. // Time dost melt, time, as light, dost change color –
Thus the river dost accept into its home the power of the earth
And dost unfold the path as if the palms of trust
In which emptiness dost cultivate the plantain. // And there where they dost cut the name of water with a knife –
No blood dost drip – there dost break forth a voice. // December 2022"
UP1201_1,Oleh Kotsarev,2022.0,Ukrainian,post_2022,8,"СВІТ САМШИТ

Світе!
Хиткий самшите!
Гладжу тебе до себе й від себе, говорю тебе і до тебе
із Замкової гори у Вінниці.

На горі й нагорі
раніше можна було стояти, додолу дивитися
та вважати,
що можеш до світу схилитися,
ногою почовгати, волоссям полоскотати,
рукою порозкуйовдити —
суцільне дійство про велику людину.

А потім світ перевернувся
й, здається, висить тепер наді мною,
дихає,
ворушиться,
на чому тримається — навіть думать не хочеться.

Та ми й зараз розваг знайдемо:
наприклад,
облаштувати театр із воронами.

Світе!
Зелений самшите!
Запахи линуть, мов плавні річкові,
люди линуть камінцями гірськими,
а з того боку річки
в музеї висить
і, мабуть, мікроскопічно погойдується
така іграшкова, зворушлива
картина “Евакуація” Воувермана —
цілую її,
доки не бачать музейниці.

І ось ми, як чайки,
обганяємо течію,
квилимо про ціну назви своєї,
а при мостах ловимо хліб у повітрі,
невпіймані ж крихти
відносить надійний весняний дід-вітер.

За що хапатись?
Може, за те, як тіні невпинно і непереможно
їздять твоїми структурами,
світе, самшите?
Чи і не треба хапатись,
мовчазний, багатомовний світе, самшите?","WORLD OF BOXWOOD // O World!  
Wobbly boxwood!  
I stroke thee to myself and from myself, I speak to thee and unto thee  
from the Castle Hill in Vinnytsia. // Upon the hill and above it  
previously one could stand, gaze downwards  
and reckon,  
that thou couldst incline to the world,  
shuffle with thy foot, tickle with thy hair,  
ruffle with thy hand —  
a continuous act concerning a great man. // And then the world hath turned upside down  
and, it seemeth, now hangeth above me,  
breathing,  
moving,  
upon what it doth rest — even to think it doth not please. // Yet we even now shall find amusements:  
for example,  
to arrange a theatre with crows. // O World!  
Green boxwood!  
Scents waft, as river meadows,  
people drift like mountain pebbles,  
and from that side of the river  
in the museum hangeth  
and, perchance, doth sway microscopically  
such a toy, touching  
picture ""Evacuation"" of Vouverman —  
I kiss it,  
until the museum attendants see not. // And lo! we, like seagulls,  
outpace the current,  
we cry out concerning the price of our name,  
and at the bridges we catch bread in the air,  
the uncatchable crumbs  
the reliable spring grandfather-wind doth carry away. // For what should one grasp?  
Mayhap, for that which shadows unceasingly and invincibly  
drive through thy structures,  
O world, boxwood?  
Or is it not needful to grasp,  
silent, multilingual world, boxwood?"
UP1230_2,Anton Polunin,2018.0,Ukrainian,2014_2021,1,"1.
саванарольський лис джоні коуп
програв президентські вибори
викрав кейс повний чорних кристалів 
з державного скарбу
і
вкупі з п'ятьма приплічниками
на цивільних скутерах з перебитими номерами
посунув до залізного хебта
щоб дістатися непідконтрольного республіці космодрому
і чкурнути до аельхорма
2.","The savanarolese fox, Johnny Coop, hath lost the presidential elections, and hath stolen a case full of black crystals from the state treasury. And together with five accomplices on civil scooters with their numbers defaced, he hath moved towards the iron Hebta to reach the ungoverned republic's cosmodrome, and to flee to Aelkhorm."
UP137_1,Oleksandr Irvanets,2014.0,Ukrainian,2014_2021,1,"ВІРШ ПОЗАВЧОРАШНІЙ 
***
Світ на плястери покроївся 
Й сам себе жере-намина. 
І така вже вона українська, 
Ця наша мирна війна.
Хтось назве це ""пошук балансу"", 
Хтось насмішливо ""куля в лоб"". 
Та без нас вона б не збулася, 
І без неї нас не було б...","The world hath been covered in patches,  
And it doth consume itself.  
And so it is, this Ukrainian one,  
This our peaceful war.  
Some shall call it ""the search for balance,""  
Some mockingly ""a bullet to the forehead.""  
Yet without us, it would not have come to pass,  
And without it, we would not have been...  
"
UP1544_1,Alex Averbuch,2017.0,Ukrainian,2014_2021,1,"http://litcentr.in.ua/publ/279-1-0-17488
лист 13.XI.43 р лист от 
твоєй подруги гані до своєй
подруги марусі письмо писать
я начинаю своєй дрожащою рукой
привет з любові поселаю своєй
подрузі дорогой повідомляю я
тибе що я до которого часу жива
здорова того тобі желаю усего
найлучого у твому молодому 
квітучому житі і от маруся","A letter from thy friend Hania to her friend Marusia, I dost begin to write with mine trembling hand. I shall send greetings from love to thee, mine dear friend. I dost inform thee that I am alive and well until which time I wish thee all the best in thy young blooming life, and lo, Marusia."
UP16_2,Oleksandr Irvanets,2014.0,Ukrainian,2014_2021,1,"Новорічна пісня рине 
Від дверей і до дверей, 
І встає моя країна 
Не лише на Сашу Ґрей!","The New Year's song doth flow
From door to door, and doth arise
My country not only for Sasha Grey!"
UP1635_1,Mykhailo Zharzhailo,2022.0,Ukrainian,post_2022,1,"у повітрі кипить густий тютюн
підлаштуйся під одну 
із запропонованих фонограм
свою не можна
викопав шмат землі
тримаючи за траву
наче голову
поклав як тортик","In the air doth boil thick tobacco.  Adjust thyself to one of the proposed phonograms.  Thy own cannot be.  I have dug a piece of earth,  holding by the grass,  as if it were a head.  I laid it down like a cake."
UP1688_1,Elizaveta Zharikova,2022.0,Ukrainian,post_2022,1,"Я прибилась до цього племені
однією з останніх
у найтемнішу з годин 
коли нишкнуть зорі й ліхтарі 
і сліпці хапають за руку першого-ліпшого
Я прийшла сюди шукати собі твердої ходи
й теплого голосу
бо загублена була земле
хвора й знесилена 
Моє горло вхопилося за твої пісні й зміцніло
моє тіло мов чуже танцювало твої ритми між вдихом і видихом 
і розпрямлялося
Я вчилася захищати тебе
немов дитина 
що не віддає принесене з дощу й вітру цуценя
Я співала пісень над тихими-тихими водами
під ясними зорями 
і носила квіти до чужих могил
поки не поклала в землю перших своїх
Ти доростила мене земле 
до висоти й глибини
долоні в долоні
теплого кола
Тепер я слухаю твоє пташине серце 
і співаю колискову
поки над чорним-чорним містом
у чорнім-чорнім небі
котиться чорне-чорне яйце
І ми міцніше стискаємо руки
ми до болю розплющуємо очі","I have come to this tribe, one of the last, in the darkest of hours, when the stars and lanterns dost fall silent, and the blind grasp the hand of the first they find. I have come hither to seek for myself a firm stride and a warm voice, for I was lost upon the earth, sick and weary. My throat hath grasped thy songs and hath grown strong; my body, as if a stranger, danced to thy rhythms 'twixt breath and exhalation, and did straighten. I did learn to defend thee, as a child that doth not relinquish the puppy brought from rain and wind. I did sing songs above the quiet, quiet waters, beneath the bright stars, and did bear flowers to foreign graves, until I laid in the earth my first. Thou hast nurtured me, O earth, to height and depth, palm in palm, in a warm circle. Now I dost listen to thy bird-like heart and sing a lullaby, whilst above the black, black city, in the black, black sky, rollest a black, black egg. And we dost clasp our hands more tightly; we dost open our eyes to the pain. // We are at last prepared to leap into this dreadful height, lest the newly born chick dost break when it doth first attempt to fly. I thank all who did defend and who dost now defend Ukraine! This poem is not of today, yet let it remain here now."
UP1840_4,Iryna Shuvalova,2019.0,Ukrainian,2014_2021,1,"4.
поезію
тут
востаннє бачили на вокзалі
перед тим як сісти 
в останній вагон потяга
вона заклеїла жуйкою
камеру відеоспостереження
велике віяло доріг
розкрилося їй назустріч
-----
#шуваловірші","Poetry, thou hast been seen here for the last time at the station, ere we did sit in the last carriage of the train. She hath sealed the camera of surveillance with chewing gum; a great fan of roads hath opened itself unto her in greeting."
UP2048_1,Borys Humeniuk,2014.0,Ukrainian,2014_2021,1,"Авіаносець ""Джорж Буш"" входить в Чорне море.
Авіаносець ""Джорж Буш"" не входить в Чорне море.
І так цілий тиждень:
Входить - і виходить, входить - і виходить.
Може досить займатися онанізмом?
Ніхто за нас воювати не буде.
Боронити українську землю справа українських чоловіків.
Де-факто через бездарність і безсилля нашої влади
ми уже втратили Крим. 
А де-юре Путіну пох... 
Щоб повернути собі Крим, у нас немає іншого виходу, як заходити на півострів і скинути окупантів в Чорне море.
Так, їх там вже 30 тисяч.
Так, їх  там може бути вдвічі, втричі більше,
І всіх доведеться заковбасити.
Так, і наших хлопців поляже не менше.
А що вас матері народили чоловіками, щоб ви були вчителями, лікарями, сантехніками?
Нині треба бути чоловіками,
Нині треба бути воїнами,
І такий нині наш чоловічий триб.
Хто вважає, що цього робити не треба, бо, мовляв, це наші брати, будуть жертви і всяке таке...
Будь ласка, у мене немає часу чистити сторінку. 
Йдіть собі з Богом..","The aircraft carrier ""George Bush"" doth enter into the Black Sea.
The aircraft carrier ""George Bush"" doth not enter into the Black Sea.
And thus the whole week:
It entereth - and goeth out, it entereth - and goeth out.
Mayhap enough of engaging in self-pleasure?
No one shall fight for us.
To defend the Ukrainian land is the duty of Ukrainian men.
De facto, through the incompetence and impotence of our authority,
We have already lost Crimea.
And de jure, Putin careth not...
To reclaim Crimea, we have no other way but to enter the peninsula and cast the occupiers into the Black Sea.
Yea, there be already 30 thousand of them.
Yea, there may be twice, thrice as many,
And all shall need to be dealt with.
Yea, and our lads shall not be laid low any less.
And what, dost thou think, that thy mothers did bear thee as men, that ye should be teachers, physicians, plumbers?
Now it behoveth to be men,
Now it behoveth to be warriors,
And such is our masculine tribulation now.
Who doth think that this need not be done, forsooth, because, they say, these are our brothers, there shall be victims and all such...
Pray, I have no time to cleanse the page.
Go thou with God.."
UP2056_1,Kateryna Babkina,2014.0,Ukrainian,2014_2021,1,"Десять років тому вона любила одразу двох.
Плуталася, як дитя між своїх батьків і пророків
полишеної вітчизни. Й усе, що затвердила з тих уроків:
якщо хочеш побачити, як посміхається Бог - 
розкажи йому свої плани на десять наступних років. 
І тепер вона пише мені – один з них плакав, інший пив за мене насамоті.
Я сумлінно молилася за обох перед кожним прийомом їжі.
Іноді я в інтернеті перевіряю, котрий з них вижив,
але дотепер, навіть коли засинаю, пильную свої пости,
стережу свої плани на десять наступних тижнів.
Я кажу їй – не знаю, про що ти. В мене квитки на пороми на десять наступних днів.
В мене змія у ванній і у склянці на підвіконні – отруйна квітка духм’яна.
Якщо за десять років лишилося бодай щось – це, погодься, вже непогано,
в мене з кожного окремого дня залишається тільки засмага і назви човнів.
Зате із кожного боку – вихід до океану.","Ten years ago, she did love at once two.  
She did entangle, like a child 'twixt her parents and prophets  
of a forsaken homeland. And all that she did affirm from those lessons:  
if thou dost wish to see how God doth smile -  
tell Him thy plans for the next ten years.  
And now she doth write to me - one of them did weep, the other did drink for me alone.  
I did diligently pray for both before each meal.  
At times I do check on the internet, which of them hath survived,  
but until now, even when I do fall asleep, I do guard my posts,  
I do keep watch over my plans for the next ten weeks.  
I do say to her - I know not what thou dost mean. I have tickets for ferries for the next ten days.  
I have a snake in the bath and in a glass on the windowsill - a poisonous fragrant flower.  
If in ten years there doth remain at least something - this, agree, is already not bad,  
I have from each separate day only a tan and the names of boats.  
Yet from every side - a way to the ocean."
UP2083_2,Hryhoryi Falkovych,2023.0,Ukrainian,post_2022,1,"ПОВОЛІ ВІДПЛИВАЄ, ВІДЛІТАЄ
Поволі відпливає, відлітає,
Прозорішає, наче розтає,
Сивенька моя мама пресвятая,
Вина моя, всепрощення моє.
Вона мене по всіх світах носила,
По всіх садах у праведній землі.
Невже її удержати несила
При цьому літі, при оцім теплі?
Не старіє душа у самотинні.
Я долучу собі, до днів своїх,
Її худенькі плечики дитинні,
Дитинний погляд і дівочий сміх.
Її сльозам іще давати порость,
Колись ще трави зійдуть і гаї.
Я убачаю крізь її прозорість
Свої минулі і майбутні дні.
Поволі відпливає, відлітає,
Немов кульбабка, тане розтає
Сивенька моя мама пресвятая,
І з нею я, земне життя моє...
СПОКОНВІК ПОКОЇВКА ПРИ СПОКОЇ
Споконвік покоївка при спокої —
Мамо, мамеле, мамцю моя —
Для твоєї любові високої
Хтозна й за що був обраним я.
Десь, я вірю, ти іще жива —
Може, там, де осінь зимувала.
Ще лунають золоті слова,
Що мені ти їх подарувала:","Slowly doth she drift away, doth she take flight,
She doth become more transparent, as if she melteth,
My gray-haired mother, most holy,
My wine, my all-forgiving.
She hath carried me through all the worlds,
Through all the gardens in the righteous land.
Can I not hold her back,
In this summer, in this warmth?
The soul doth not age in solitude.
I shall join to my days,
Her slender, childlike shoulders,
Her childish gaze and maidenly laughter.
I shall yet give her tears to grow,
Once more the grasses shall sprout and the groves.
I see through her transparency
My past and future days.
Slowly doth she drift away, doth she take flight,
Like a dandelion, she melteth away,
My gray-haired mother, most holy,
And with her, my earthly life...  
Eternally a maidservant at peace —
Mother, dear mother, my mother —
For thy lofty love,
Who knoweth for what I was chosen.
Somewhere, I believe, thou art yet alive —
Mayhap, where autumn didst winter.
Still doth the golden words resound,
Which thou didst gift to me: // Little birds and kittens,
Dear ones and sweet ones...
But the rest — I have forgotten.
Thou hast conquered time and distance,
Yet if this be not enough for thee,
I shall return to thee forever
A few words that thou didst gift,
Though they, earthly or unearthly,
Have become my talismans:
Little birds and kittens,
Dear ones and sweet ones...
But the rest — I have forgotten."
UP2160_1,Iryna Vikyrchak,2019.0,Ukrainian,2014_2021,1,"Я знаю, ти тут.
Я чула цей звук: 
випадково зустрівшись із ґудзиком металевим
дзвінко і довго клямка комоду тримала вібруюче ""соль"". 
Ти десь у цих стінах, 
в шухляді, підлозі, чи люстрі на стелі
джином безпомічним б'єшся, 
мов птаха об шибу,
мов риба об лід
в структуру твердої матерії. 
Шість тижнів минуло, 
та ти все невидима і непочута 
присутня між складками одягу в шафі,
між рядками келішків в серванті, 
що, як завжди, дзеленчать, 
коли попри дім проїжджає вантажівка. 
Шість тижнів минуло, і вчора 
протяг раптовий звіяв зі столу
старі і нові фотографії, 
і вперше було помічено 
нашу з тобою схожість.
Я знаю, ти тут.","I know, thou art here.  
I heard this sound:  
by chance encountering a metal button  
ringingly and long did the latch of the chest hold vibrating ""sol.""  
Thou art somewhere within these walls,  
in the drawer, the floor, or the chandelier upon the ceiling  
like a helpless genie dost thou struggle,  
as a bird against the pane,  
as a fish against the ice  
in the structure of solid matter.  
Six weeks have passed,  
yet thou art still unseen and unheard  
present amidst the folds of clothing in the wardrobe,  
among the lines of goblets in the sideboard,  
which, as always, do jingle,  
when a truck dost pass by the house.  
Six weeks have passed, and yesterday  
a sudden draft did blow from the table  
old and new photographs,  
and for the first time was noted  
our likeness, thou and I.  
I know, thou art here."
UP2124_1,Dmytro Lazutkin,2022.0,Ukrainian,post_2022,1,"ІНДІЙСЬКИЙ ОКЕАН
що вона робила 
на узбережжі індійського океану?
дивилася як сонце обережно 
сідає на хвилі і починає на них гойдатися?
їла солодкі фрукти під пальмами?
ганяла на моторолері? 
вигиналася мов змія 
лежачи на піску? 
курила духм’яну траву?
танцювала? медитувала? 
фотографувалася зі слонами?
напевно саме так все і було
десять днів світла
десять днів свободи…
поверталася ніна 
літаком через варшаву
під час пересадки встигла поспілкувалася по відеозв’язку з донькою
яка залишилася з її батьками 
вдома
у маріуполі
її малій було чотири роки
вона смішно вимовляла окремі слова
особливо нові для себе
наприклад говорячи про ракети
сказала:
мам
а у нас лакети
які лакети?
ну що ти там вже знову вигадуєш?","INDIAN OCEAN
What did she do
Upon the shores of the Indian Ocean?
Did she gaze as the sun cautiously
Setteth upon the waves and beginneth to sway upon them?
Did she eat sweet fruits beneath the palms?
Did she race upon a motor scooter?
Did she bend like a serpent
Lying upon the sand?
Did she smoke fragrant herbs?
Did she dance? Did she meditate?
Did she take photographs with elephants?
Surely, thus it was all
Ten days of light
Ten days of freedom...
Nina returned
By plane through Warsaw
During the layover, she managed to converse via video link with her daughter
Who remained with her parents
At home
In Mariupol.
Her little one was four years old.
She amusingly pronounced certain words,
Especially those new to her.
For instance, speaking of rockets,
She said:
""Mom,
And we have lakety.""
""What lakety?""
""Well, what dost thou invent again?"" // Thus did Nina learn of the onset of war.
Within minutes, her flight was cancelled,
As were all other flights in the needed direction.
The next day, it became clear
That henceforth, only worse would follow.
The bombardments intensified,
Reports began to appear
Of the first dead
And dreadful images of ruined high-rises.
The intervals between telephone conversations
Became unbearably long.
When she rode in a minibus
To the Ukrainian border,
The connection with her daughter and parents vanished
For seven days, as it turned out later.
Through the viscous time,
Spring crawled into the world.
The subscribers were
Out of reach.
The news that arrived—
Did hinder her from breathing.
A full siege of the city,
A full siege of the city,
And wherefore could air be found in her lungs?
She read of humanitarian corridors for civilians,
Shot by Russian soldiers.
She called the neighbors,
Inquired—when had they last seen her daughter?
She asked again through the creaking and rustling of the receiver:
""Is she alive?"" // Is she alive?
Dost thou hear me? Is she alive?
Against her little girl,
The army of Putin employed
Multiple rocket launch systems,
Long-range artillery,
Aerial bombs,
Tactical missiles,
Very many tanks,
Mortars and small arms.
Constantly:
Tremors and vibrations.
They wrote that the city was destroyed
By fifty percent,
Then—by seventy,
Later—by ninety.
An endless wasteland,
A dead earth,
To which
The birds returned as if home,
But saw—only burnt nests,
And flew away forever,
Astonished,
Horrified,
Confounded.
Nina calculated all possible variants,
And for good measure—the impossible ones.
Thus, when they called her
From an unknown number,
She was already prepared for all. // As it turned out,
One day, into their bomb shelter
Came people with automatics,
Swiftly took all away,
And carried them somewhere near Rostov.
Some were—allowed to remain temporarily in Donetsk.
It was from there that they called.
Nina listened to the unfamiliar voice and prayed in her mind.
She heard familiar ones—and wept.
She managed to arrange everything,
Almost by miracle...
She took them at the checkpoint.
Beyond the windows of the automobile, there floated
Low clouds and tall trees.
Almost the entire way, the girl
Slept in the back seat.
Already past Przemyśl,
Awakened by the brazen sun of morning,
Suddenly asked:
""Mom,
Mommy,
Tell me,
How dost thou find India?
Please,
Tell me,
How dost thou find India?""
The blurred horizon
Did consume the eyes,
When would this road
Come to an end? // We shall surely converse
Of all things."
UP2258_1,Iryna Vikyrchak,2020.0,Ukrainian,2014_2021,1,"Вірші – це коли з душевного пороху формуються скульптури зі слів. Любов і біль, що набирають форму тільки у амфорі мови.  Потужні згустки енергії, потаємна оборонна зброя, магічне закляття, терапевтичні ліки. Послання у пляшці, код, що має стільки варіацій, скільки у нього є читачів і прочитань.
Мені, мені потрібні ці лапідарні тексти-ребуси, кубики Рубіка, незрозумілі без ключа, ані по змісту, ані по формі. А може, все не так? Гаразд, я готова  читати  вголос ці вірші, непридатні до читання вголос кимсь іншим, коментувати всі ці алюзії й пояснювати незрозумілі слова. Бо життя, коротке і крихке, дозволило спробувати ще раз, але за умови цього разу не кремпуватись і ще  написати ось цей от про територію безбожжя. 
Десь прочитала, що після нещасних випадків душі загиблих потрапляють у іншу реальність, де вони цього самого випадку уникають і продовжують жити так, ніби нічого не сталося. Це все ще та сама реальність? Ущипніть мене хтось, треба терміново перевірити. 
slow-motion
уперше в житті так кричиш
та крику не чути
повітря густе й від удару гаряче
ця сцена тобі знайома, її не раз 
проживала з героями кінофільмів 
виявляється, вона насправді проходить 
в режимі slow-motion  
повільно й граційно розкриваються 
подушки безпеки й повіки – 
широко, як ніколи, бо, може, востаннє 
а може, від жаху, а може, від неминучості 
смерть заглядає в зіниці 
краплями беладонни 
повільно й граційно скло вітрове 
покривається зморшками тріщин
жодних спогадів жодних жалів 
жодного бога і ангелів 
тільки хрускіт і скрип металу і подив  - 
у мене кістки є,  хребет і суглоби
і ось саме зараз вони 
виконують свою музику - їх зоряний час - ламаючись 
усе замовкає, наступає космічна тиша – 
мить правди на теренах безбожжя
хоча, більше схоже на вічність і суд страшний,
який нІкому розсудити 
а потім з котроїсь із міфологій","Verses are when from the dust of the soul sculpted forms of words dost take shape. Love and pain, which dost assume form only in the amphora of language. Mighty clumps of energy, secret defensive weaponry, magical incantation, therapeutic remedies. A message in a bottle, a code that hath as many variations as there be readers and readings thereof. I, I dost need these lapidary texts-rebus, Rubik's cubes, incomprehensible without a key, neither by content nor by form. Or mayhap, all is not so? Well, I am ready to read aloud these verses, unfit for reading aloud by another, to comment upon all these allusions and to explain the incomprehensible words. For life, short and fragile, hath allowed to try once more, but on the condition this time not to falter and to write yet this about the territory of godlessness. Somewhere I did read that after misfortunes the souls of the slain dost enter another reality, where they dost avoid that very misfortune and continue to live as if naught hath happened. Is this still the same reality? Pinch me, someone, I must urgently verify. slow-motion for the first time in life dost thou scream thus and the scream is not heard the air is thick and hot from the blow this scene is familiar to thee, thou hast lived it many times with the heroes of films it appears, it dost truly unfold in slow-motion slowly and gracefully dost unfold the airbags and eyelids – widely, as never before, for, mayhap, for the last time or mayhap, from horror, or mayhap, from inevitability death dost gaze into the pupils with drops of belladonna slowly and gracefully the windscreen dost cover with wrinkles of cracks no memories, no regrets no god nor angels only the crunch and creak of metal and wonder - I have bones, a spine and joints and lo, at this very moment they dost perform their music - their starry hour - breaking all dost fall silent, cosmic silence dost descend - a moment of truth in the lands of godlessness although, more akin to eternity and a dreadful judgment, which no one can adjudicate and then from some mythology or other. // (to be well acquainted with religions in such situations shall be of use: the more religions, the more chances to call unto someone, after all) and then from some mythology dost appear a Roman godling, the vagitant first to arrive at the scene dost open thy mouth, newly born, and dost place within it the gift of speech and dost say: here, take, this is thy yet another chance a heap of scrap – a new maternal womb light above thee – dost thou see? and a hand of aid, which dost receive the birth shall accept thee into this world as well come now"
UP2279_1,Dmytro Lazutkin,2022.0,Ukrainian,post_2022,1,"я був закоханий у вчительку
писав їй вірші про любов
коли вона мене вичитувала
я себе голкою вколов
і легше було не торкатися
летіти вітром поміж трав
вона  питала про сервантеса 
а я сосюру цитував
я був дурним як всі закохані
я свято вірив у дива
метелик тріпотів  у коконі 
я в зошиті писав слова
я уявляв її я знав її
найкраще ніж вона сама
і дощик шелестів по гравію
і не приходила зима….","I was enamored of mine teacher,
I wrote to her verses of love.
When she did read me, I pricked myself with a needle,
And it was easier not to touch.
To fly like the wind amidst the grass.
She did ask of Cervantes,
And I did quote Sosyura.
I was foolish as all who are in love,
I did truly believe in miracles.
A butterfly did flutter in its cocoon,
I did write words in mine notebook.
I did imagine her, I did know her,
Better than she herself did know.
And the rain did rustle upon the gravel,
And winter did not come..."
UP2294_1,Oles Ilchenko,2017.0,Ukrainian,2014_2021,1,"***
зачини вікно
тримай шибки 
солов’ї співають
це банально
просто безглуздо
після всього проминулого 
і читаного
замикай двері
пий чай
сповідуйся витовченим подушкам
згадуй небаченого метелика
потім
витримуй облогу ночі
невидимі дерева плачуть 
шемрають 
лопотять
аїр тріпотить мусульманським листям
місяць сіє дурман сновидінь
хмари хапають молодика за поли
на ранок лише 
тьмяне тіло миші
у склянці з олією","Shut thou the window,
Hold fast the panes;
The nightingales do sing.
'Tis banal,
Merely senseless,
After all that hath passed
And hath been read.
Lock thou the doors,
Drink tea,
Confess unto the worn pillows;
Recall the unseen butterfly.
Then,
Endure the siege of night;
The invisible trees do weep,
Whispering,
Rustling.
The sweet flag doth flutter with Muslim leaves;
The moon doth sow the intoxication of dreams.
The clouds do seize the young moon by its hem;
On the morrow, only
The dim body of a mouse
In a glass of oil."
UP2296_1,Iryna Vikyrchak,2020.0,Ukrainian,2014_2021,1,"джоґґінґ 
прокидаюсь у собі
в кімнаті в квартирі 
ні світ ні зоря 
виходжу в це місто й 
чіпляюсь за Одру, 
як бісер на нитку нанизую 
на неї внутрішню навігацію
вовком скрадаюсь вздовж берега 
ні світ ні зоря
бетонованою набережною
де й запахів
не вловити
тільки течію 
нанизую петлі кругом островів 
петля на петлю
вовняне тепле плетиво 
хоча може лише 
кучерява овеча шкура
а серце круком попереду і вгорі 
вмру, як не наздожену
#альгометрія","jogging
I dost awaken within myself
in the chamber of the flat
neither light nor star
I go forth into this city and
I cling to the Odra,
as beads upon a thread I dost string
upon her the inner navigation
like a wolf I dost creep along the shore
neither light nor star
on the concreted embankment
wherein the scents
cannot be caught
only the current
I dost string loops around the islands
loop upon loop
a woolly warm weave
though mayhap it be only
a curly sheep's skin
and my heart dost race ahead and above
I shall die, if I dost not catch up"
UP2408_1,Kateryna Babkina,2022.0,Ukrainian,post_2022,1,"Люблю в цей день нагадувати вам,
що якщо ваш столик - не на двох;
якщо в вас немає другої половинки - ще чи вже, 
чи тому що ви самі собі 130%, 
або тому що в вас є дві третинки, три четвертинки, чи просто іноді по 0,15;
якщо вам ніхто не несе сьогодні сердечко, і ви нікому -
то це ок. 
З вами все так.
В вас все як слід.
Єдина людина, яка не може вас не любити, це ви самі. Любіть, як умієте, і як саме вам підходить.
Кожен день для цього хороший, не лише сьогодні.
♥️","I do love to remind thee on this day,
That if thy table be not set for two;
If thou hast not a second half, yet or already,
Or because thou art thine own 130%,
Or because thou hast two thirds, three quarters, or simply sometimes 0.15;
If no one doth bring thee a heart today, and thou bringest none to anyone -
Then it is well.
With thee all is thus.
In thee all is as it should be.
The only person who cannot but love thee is thou thyself. Love as thou art able, and as it suits thee best.
Each day is good for this, not merely today.
♥️"
UP2449_1,Iya Kiva,2014.0,Ukrainian,2014_2021,1,"Всі ці численні «ми» та «вони»
Схожі на доісторичних істот,
Людей більше немає,
Імен немає,
Є лише займенники,
Невиразні займенники у множині,
Що пропагують смерть особистості,
Смерть однини,
Смерть одиниці,
Це ніби чути первісні колискові,
Звук випадний
поміж «и» та «и»,
Не розуміти приголосних,
Голосних вчити тваринну мову
В якості другої іноземної,
Модус вівенді простий:
Думки зачинити в навушники,
«Я не такий»
В сни вмонтувати,
Уникати рефренів,
Фейсбуків, мереж,
Меж, за якими смердюча луска,
Парою з рота писати на склі:
«Ми не риби, риби німі».
20/12/14","All these numerous 'we' and 'they'  
Resemble prehistoric creatures,  
Humans are no more,  
Names are no more,  
There art but pronouns,  
Vague pronouns in the plural,  
That do propagate the death of personality,  
The death of the singular,  
The death of the unit,  
'Tis as if to hear the primal lullabies,  
The sound accidental  
Amidst 'and' and 'and',  
To not understand the consonants,  
To teach the vowels the animal tongue  
As a second foreign language,  
The modus vivendi simple:  
To shut thoughts in headphones,  
'I am not such',  
To embed in dreams,  
To avoid refrains,  
Facebooks, networks,  
Boundaries, beyond which the stinking scales,  
To write with steam from the mouth upon the glass:  
'We are not fish, fish are mute.'"
UP2484_2,Iryna Shuvalova,2021.0,Ukrainian,2014_2021,1,"#шуваловірші
Art: Otto Marseus van Schrieck, 'Still Life with Snakes, Frogs, Mushrooms, Flowers and Butterflies'.
Нарешті осінь - і гооотика! 🙂","At last, autumn hath come - and gothic it is! 🙂"
UP2505_1,Iryna Shuvalova,2021.0,Ukrainian,2014_2021,1,"я забула
як у домі буває світло від снігу
наче десьде сліпучий янгол пройшов крізь кригу
розтопив її товщу собою повстав з ріки
вбраний в тіло зі світла і в грудях зірки зірки
так пройшов він крізь місиво міста війну відлигу
увійшов у мій дім став при ліжку торкнувсь руки
і стоїть посміхаючись мовчки
леткий як пісня
оберемок шумливих крил променистий вісник
що тримає вістку як гілку в тонких перстах
і танцює так само як білий вогонь на гілці
невимовне слово у янгола на вустах
так у дім увіходить сніг і нічні дерева
так гривасті сонця борюкаються як леви
біля босих і трохи змерзлих дитячих ніг
так у світі між бруду й болю стається диво
крізь опону небес прозирає зоря мінлива
і вогонь негасимий світить в руках моїх
———————————————————————————
#шуваловірші","I hath forgotten
how in the house doth light from snow appear,
as if somewhere a blinding angel hath passed through the ice,
melted its thickness with himself, arisen from the river,
clad in a body of light and in his breast stars, stars.
Thus he hath passed through the mishmash of the city, the war, the thaw,
entered into my house, stood by the bed, touched my hand,
and he standeth smiling silently,
light as a song,
a bundle of noisy wings, a radiant messenger,
that holdeth tidings as a branch in delicate fingers,
and danceth just as a white fire upon a bough.
An unspeakable word upon the angel's lips.
Thus doth snow enter the house and the night trees,
thus do the maned suns wrestle like lions
by the bare and somewhat frozen children's feet.
Thus in the world, amidst the filth and pain, a miracle doth occur,
through the veil of heaven doth a changing star peer,
and an unquenchable fire shineth in my hands."
UP2559_1,Artur Dron,2020.0,Ukrainian,2014_2021,5,"* * *
Перед тим, як розтане сніг.
Діставай перепустку і ключі.
Зрештою, все, що я міг,
написав тобі вчора вночі.

Перед тим, як він знову розтане.
У церкві сьогодні закрито.
Якщо тобі страшно стане,
не бійся мене розбудити.

Бо тут небезпечні заправки.
Тут кусаються тротуари.
І знов молоді аспірантки
утомлено йдуть на пари,

аби довго плакати вечорами
над серцем німим і розбитим.
Що б не було між нами.
Не бійся. Мене. Розбудити.

Сонце стало сьогодні стриманим.
Дим у шкіру і в губи в'ївся.
Не бійся і розбуди мене.
Розбуди мене. І не бійся.","Ere the snow doth melt away.  Draw forth thy pass and keys.  In the end, all that I could,  I did write to thee yesternight. // Ere it doth melt again.  In the church today it is closed.  If thou dost become afraid,  fear not to wake me. // For here be dangerous gas stations.  Here the sidewalks do bite.  And again young graduate students  do wearily go to classes, // that they may weep long in the evenings  o'er a heart mute and broken.  Whatsoever be between us.  Fear not. Wake. Me.  To wake. // The sun hath become restrained today.  Smoke hath seeped into skin and lips.  Fear not and wake me.  Wake me. And fear not."
UP364_1,Julia Musakovska,2014.0,Ukrainian,2014_2021,1,"Видавництво Старого Лева
August 11, 2014  · 
Вірш дня. Юлія-Ванда Мусаковська
*** 
чотири стіни, і глухо неначе в танку,
і це фіолетове плаття старе, як світ
воно пам’ятає перші наші світанки,
де липи, немов обурені пуританки,
до нас простягали кістляві долоні віт
чотири стіни, і фото заплющить очі,
бо парко, бо тисне у скроні йому картон
і я забуваюся… просто забути хочу
неголені щоки, зовсім дитячий почерк
на шиї родимку, погляд, зухвалий тон
чотири стіни – коробка з-під черевиків,
з місцевої флори й фауни – цвіль та міль
і пилом осядуть спогади на повіки…
нечувана річ – довіритись чоловіку
і Шляхом Чумацьким
пустити його
по сіль
Юлія-Ванда Мусаковська
«Вірш дня» - постійна рубрика у Блогах Старого Лева http://starylev.com.ua/index.php...","Four walls, and deaf as in a dance,  
And this violet dress, old as the world,  
It doth remember our first dawns,  
Where linden trees, as if offended Puritans,  
Did stretch to us their bony palms in the wind.  
Four walls, and a photo shall close thine eyes,  
For it is sultry, for it presseth upon his temples, cardboard,  
And I do forget myself… I simply wish to forget  
Unshaven cheeks, quite childlike handwriting  
Upon the neck, a birthmark, a gaze, a daring tone.  
Four walls – a box from under shoes,  
From local flora and fauna – mold and moth,  
And dust shall settle memories upon thine eyelids…  
An unheard thing – to trust a man  
And by the Chumak Way  
To let him  
Through salt."
UP374_1,Ivan Andrusiak,2014.0,Ukrainian,2014_2021,1,"Щоб трохи відволікти себе від оцієї тривоги...
*
так тихо
що крики чапель доносяться
аж від ріки
і навіть цвіркуни принишкли
і прислухаються
листя на деревах –
і те ані шелесне
аж доки місяць
великий
щокастий
проступить крізь хмару
й зітхне
тоді стрепенеться їжак у траві
крутне головою
струсить із голок дрімоту
і мов коняка
затупотить по стежці
направду немов коняка
аж тиша заусміхається","To divert myself a little from this anxiety...

So quietly
That the cries of the herons dost reach
Even from the river
And even the crickets have hushed
And dost listen
The leaves upon the trees –
Even they dost not rustle
Until the moon
Big
Chubby
Dost emerge through the cloud
And dost sigh
Then the hedgehog in the grass dost startle
Twisteth its head
Shaketh off the drowsiness from its spines
And like a little horse
Dost stomp upon the path
Indeed, like a little horse
Until the silence dost smile."
UP39_1,Kateryna Kalytko,2014.0,Ukrainian,2014_2021,1,"Тиждень за півжиття, дай напитися, Єреміє.
Що це гуде і дише в спину, як домна?
По винограді батьків діти так добре вміють
жити свою оскомину.
Зрощуй новий виноград, підпалюй лози віджилі.
Кожне коліно зламане, в кожному угніздилася
птаха Страх, і сотає собі на поживу жили.
Ось дорога води, іди.
Розвідка боєм і сліз кам’яний горох,
на якому навколішки діти стоять покаянно,
діти, забуті самі за високим порогом
з вогняними краями.
Опік – пароль, впізнавання своїх, що вийшли.
Руки пожежі ворушать міцними пальцями,
але діти ідуть по річках усе вище й вище,
загубившись безвісти, повертаються.
Полум’я не погасне, а проросте у стопи,
чорна земля переплавить морок на мирро,
доки долиною трупів і смертного попелу
нервом сіпнеться світла 
шнур землемірний.","A week doth pass for half a life, grant me to drink, Jeremiah. What doth hum and breathe behind, like a furnace? In the vineyard of fathers, children dost so well know how to live their own bitterness. Grow new grapes, set ablaze the withered vines. Each knee is broken, in each nest hath settled the bird of Fear, and it doth weave for itself sustenance from lives. Behold the road of water, go. Reconnaissance by battle and tears of stony pebbles, upon which children kneel in repentance, children, forgotten themselves beyond the high threshold with fiery edges. The burn is the password, the recognition of thine own, who hath gone forth. The hands of fire stir with strong fingers, yet the children dost walk upon rivers ever higher and higher, lost without a trace, they return. The flame shall not be quenched, but shall sprout in the feet, the black earth shall remelt the gloom into myrrh, until through the valley of corpses and death's ashes the nerve shall twitch with light, the measuring cord of the earth."
UP521_1,Serhiy Zhadan,2019.0,Ukrainian,2014_2021,7,"+ + +     
А що робить цей чоловік?
Пише вірші.

Розкладає їх при столі.
Доточує.

Ніби чинить дитяче взуття.

Саме вчасно 
сів за роботу.
Саме до речі.

Бо ось прийде зима.
І чоловіки візьмуться за вірші.
Перебиратимуть їх обережно,
перетрушуватимуть,
наче сухий тютюн.

Та й жінки теж
плакатимуть над ними,
загортатимуть вірші дбайливо,
мов дукачі.

Цінність вірша взимку зростає.
Особливо коли зима сувора.
Особливо коли мова тиха.
Особливо коли часи
несамовиті.","And what doth this man do? He writeth verses. // He spreadeth them upon the table. He addeth. // As if he repaireth a child's shoe. // Just in time he sat down to work. Just at the right moment. // For lo, winter shall come. And men shall take to verses. They shall sift them carefully, they shall shake them, as dry tobacco. // And women too shall weep over them, they shall wrap the verses carefully, like ducats. // The value of the verse doth increase in winter. Especially when winter is harsh. Especially when the speech is quiet. Especially when the times are frantic."
UP528_1,Serhiy Zhadan,2019.0,Ukrainian,2014_2021,1,"+ + +        
Були слова, якими я говорив про людей та їхні історії.
Були слова, якими я називав предмети в дитячих руках.
Були слова, якими я намагався пояснити свій страх – 
страх перед тишею, страх подорожнього, 
на якого ніхто не чекає вдома.
І ось тепер добираю слова, 
якими можна сказати про відстань.
Про простір відчуження, про географію забування.
Про те, як люди віддаляються одне від одного, 
ніби потоки повітря.
Про те, як обривається видих на оркестровій збивці ображеного серця.
Добираю слова на підтвердження того, 
як мало важить сказане нами.
Слова на пояснення того, 
як прослизає між звуків лисяча тінь мовчання.
Слухаю серед ночі дихання жінки, мов дихання часу.
Слухаю і повторюю слова про залежність і відданість.
Вихоплює око вірш, мов птаха з чорної граматики неба.
Вихоплює вигуки і зітхання в темряві хрестоматій.
Будь зі мною відвертою тією відвертістю,
якою прощаються з завчасно померлими.
Будь ніжною тією ніжністю,
з якою годують вуличних псів.
Кинуті в світі щедрот, напередодні свят,
кинуті з усією нашою непоступливістю,
вивчаємо заново прописи громадянства,
лишаємось у цій країні, наче у мові батьків.
Короткий перепочинок повітря над теплим материком.
Слово, на яке обертаєшся в тривожному натовпі.","There were words, by which I did speak of men and their histories. There were words, by which I did name objects in the hands of children. There were words, by which I did strive to explain mine own fear – fear of silence, fear of the traveler, to whom none doth await at home. And lo, now I do gather words, by which one may speak of distance. Of the space of estrangement, of the geography of forgetting. Of how men do distance themselves from one another, as if they were currents of air. Of how the exhalation doth break upon the orchestral beat of a wounded heart. I do gather words to confirm how little doth weigh that which we have spoken. Words to explain how the sly shadow of silence doth slip between sounds. I do listen in the night to the breath of a woman, as the breath of time. I do listen and repeat words of dependence and devotion. The poem doth snatch the eye, as a bird from the black grammar of the sky. It doth seize cries and sighs in the darkness of anthologies. Be thou with me in that frankness, with which one doth bid farewell to those who have died too soon. Be thou tender in that tenderness, with which they do feed the street dogs. Cast into the world of bounty, on the eve of feasts, cast with all our obstinacy, we do learn anew the scripts of citizenship, we remain in this land, as if in the tongue of our fathers. A brief respite of air above the warm continent. A word, to which thou dost turn in the anxious crowd. // The right to breathe, as if the right to speak. The beginning of a book, as if the beginning of rain."
UP581_1,Serhiy Zhadan,2021.0,Ukrainian,2014_2021,1,"БРЕХТ
Хто з поетів похований у цьому місті?
Хто з них лежить у міському ґрунті,
на рівні підземки,
на глибині водогону?
Поховані містом поети, 
Схожі на посаджені кущі,
схожі на коріння невидимих дерев.
Що виростає з такого коріння?
Стовбури світла, стебла гомону,
невидима крона гніву,
нечутний шурхіт іронії.
Добра туристична розвага – 
ховати поетів поруч із торгівельними центрами.
Поет має бути корисним навіть по смерті.
Не надто зручний за життя, 
колючий у театральному залі, 
ніби камінь у дитячій долоні, 
скандальний, наче птах, що залетів 
на кухню з літньої вулиці – 
тепер він нарешті приносить користь місту, 
приносить користь громаді, 
лежить у землі, 
озивається до перехожих:
підходьмо, підходьмо, поважна публіко, 
ставаймо врочисто на цвинтарну землю, 
згадуймо, відчайдушно згадуймо 
бодай якісь вірші, почуті в дитинстві. 
Що я говорив про вас за життя? 
Що ви злодії та негідники.","Who among poets art buried in this city?  Who among them doth lie in the city’s ground,  at the level of the underground,  at the depth of the aqueduct?  Buried by the city, poets,  like bushes that have been planted,  like the roots of invisible trees.  What dost grow from such roots?  Trunks of light, stems of murmur,  an invisible crown of wrath,  an inaudible rustle of irony.  A good tourist amusement –  to bury poets near the shopping centers.  A poet must be useful even in death.  Not too convenient in life,  prickly in the theatrical hall,  like a stone in a child’s palm,  scandalous, like a bird that hath flown  into the kitchen from the summer street –  now at last he bringeth benefit to the city,  bringeth benefit to the community,  lieth in the earth,  calleth to passersby:  come hither, come hither, esteemed public,  let us solemnly stand upon the cemetery ground,  let us remember, desperately remember  at least some verses, heard in childhood.  What did I say of thee in life?  That ye art thieves and scoundrels. // What did I promise thee upon thy death?  Quiet peace, eternal salvation.  Come hither, come hither to the shade of trees,  let us think upon the kingdom divine,  let us believe that poets spoke the truth  and that death is but a passage between floors,  a beam upon the sidewalk.  And people stand upon the old city cemeteries,  and they rejoice at the chance to read upon the stone a familiar name,  and cities conceal poets within themselves,  like adornments beneath clothing,  like mutilations.  And people stand beneath the high sky.  Such a high sky, almost invisible.  And bitter is it for them that death is so near,  and easy is it for them that death is not."
UP596_1,Ivan Andrusiak,2021.0,Ukrainian,2014_2021,1,"Річка Хитра
Я сльозу із мапи витру:
Не знаходжу річку Хитру.
Десь отут вона текла - 
Але раптом утекла!
Є річки мілкі й широкі, 
Повноводні і глибокі,
Плинуть швидко чи помалу - 
Та одна лиш схитрувала.
Вчора я їі почув
Після хитрого дощу:
Лив і лив він цілу нічку - 
І дзюркоче Хитра річка.
А сьогодні сонце блись -
Річка змилася кудись:
Може, подихами пари
Ген у небо, поміж хмари...
Я сльозу по мапі витру -
Ой, з‘явилась річка Хитра!
Треба мапу намочить - 
От вона і заблищить!","The river Cunning
I do wipe a tear from the map:
I find not the river Cunning.
Somewhere here it did flow -
But suddenly it hath fled!
There be rivers shallow and wide,
Full of water and deep,
They shall flow swiftly or slowly -
Yet one alone hath cunningly tricked.
Yesterday I did hear it
After the cunning rain:
It did pour and pour all the night -
And the Cunning river doth gurgle.
And today the sun doth shine -
The river hath washed away somewhere:
Perchance, by the breaths of steam
High into the sky, 'twixt the clouds...
I do wipe a tear from the map -
Oh, the river Cunning hath appeared!
The map must be soaked -
Lo, it shall sparkle!"
UP625_1,Kateryna Kalytko,2022.0,Ukrainian,post_2022,3,"Наче цукром земля іскриться: країна вже по Різдві.
Починається відлік із чистого та простого.
Де ти ходиш, із ким говориш, пекуча звістко?
У річок і домівок є їхні живі пороги,
в залізниці й лісу зі спільного є горизонт,
у кордону й порізу – затятість бездонно зяяти.
У казармі колядники. І чемні пси гарнізонні
під шумок випрошують 
кості й суп у хазяйок.
І примерзле прання поскрипує, наче це небеса
розвертають святочну сцену і важко дишуть.
Де ти був, обіцяний, і звідки ти нині сам? 
Не ходи цим шляхом ані комонно, ні пішо,
там такі сліди, що й чиї – не питай.
Краще з нами лишайся, навчи тривати до літа.
Дай-но нам торкнутися: шкіра твоя золота –
певно, бог сипонув на плечі тобі сухозліток.

І таким великим безсонням тепер неспокійна душа,
що я чую, тебе видивляючись із перевалу,
як вимова шиплячих зігріває ландшафт – 
наче гілка волога з полум'я раптом озвалась.

#люди_з_дієсловами","As sugar doth the earth sparkle: the land hath already passed the Christmas. The counting doth begin from the pure and simple. Where art thou walking, with whom dost thou speak, burning tidings? In the rivers and homes there be their living thresholds, in the railway and forest there is a common horizon, at the border and the cut – a fierce void doth yawn. In the barracks the carolers. And the polite garrison dogs do beg under the noise for bones and broth from the mistresses. And the frozen laundry doth creak, as if the heavens do unfold a festive scene and breathe heavily. Where hast thou been, promised one, and whence art thou now alone? Do not walk this path neither on horseback, nor on foot, for there be such tracks, that whose they are – do not ask. Better stay with us, teach us to endure till summer. Grant us to touch: thy skin is golden – surely, God hath sprinkled upon thy shoulders a dry flight."
UP672_1,Kateryna Kalytko,2022.0,Ukrainian,post_2022,11,"ПІДЗЕМНА ЄРУСАЛИМКА

І видно менору в освітленому вікні.
Ворушиться куля у балці, птахи у гніздах,
всі іскри майбутніх пожеж зачаїлися на горищах,
іще несміливі. Вночі тільки ти гориш.

З хоральної синагоги котяться співи кантора,
і хочеться заридати чи із дому тікати.
Ріка облизує острів і плине далі. 
Порізи глибокі. Тополі пірамідальні.

Пором занурився у річчине молоко
і часом стогне вві сні на усю околицю.
Собаки земні гавкотять на небесних псів.
Спочатку ніч глибока – захлинемось усі! –

а потім стає, як фольга, хрускотлива й срібна,
і люди в провулках в'юнкі, ошалілі риби.
В повітрі висить відчуття незбагненного дива.
Ти роззуваєшся. Потім заводиш годинника.

Знімаєш сорочку – і світло сягає горла.
Скрипучо зойкує ліжко. Я довго дивлюся вгору,
де тче маскувальну сітку старий павук.
З подвір'я в подвір'я нитками тягнуться звуки.

Там – важко дише старий із грудною жабою,
сідає на ліжку, на стінах тіні дрижать.
Таке тривожне літо – не жди добра.
А ніч іскриться. Не хочеться помирати.

Там – плаче дівчина, повторює знову й знову:
Ґедаль умовляв її і таки умовив.
І мати плаче, шитво лежить на колінах:
під серцем в доньки вишнева зав'язь, дитина.

...Дружину шевця турбує дивна луна.
Вона прислухається, довго не засинає,
співаючи колискову малому Янкелю.

Вгорі, на землі, над нами проходять танки.

2018","UNDERGROUND JERUSALEMITE // And the menorah is seen in the illuminated window.
A bullet stirs in the beam, birds in their nests,
All sparks of future fires have lain in wait in the attics,
Yet still timid. At night only thou dost burn. // From the choral synagogue roll the songs of the cantor,
And one doth wish to weep or to flee from home.
The river licks the island and flows further.
The cuts are deep. The poplars are pyramidical. // The ferry hath plunged into the river's milk
And at times doth groan in sleep throughout the whole vicinity.
Earthly dogs bark at the heavenly hounds.
At first the night is deep – we shall all drown! – // And then it becomes, like foil, crackling and silver,
And the people in the alleys are wriggling, mad fish.
In the air hangs the feeling of the unfathomable miracle.
Thou dost take off thy shoes. Then thou dost wind the clock. // Thou dost remove thy shirt – and the light reaches thy throat.
The bed creaks and moans. I dost gaze long upward,
Where an old spider weaves a camouflage net.
From yard to yard the sounds stretch forth like threads. // There – an old man doth breathe heavily with a chest frog,
He sits upon the bed, shadows tremble on the walls.
Such a troubling summer – expect not good.
And the night sparkles. One doth not wish to die. // There – a maiden weeps, repeating again and again:
Gedaliah persuaded her and indeed persuaded.
And the mother weeps, the embroidery lies upon her knees:
Under the heart of the daughter is a cherry blossom, a child. // ...The shoemaker's wife is troubled by a strange echo.
She listens, long doth not fall asleep,
Singing a lullaby to little Yankel. // Above, on the earth, above us pass the tanks. // 2018"
UP697_1,Julia Musakovska,2022.0,Ukrainian,post_2022,1,"Викопаємо землянку, заведемо козу,
буде нам клапоть двору, мовби віденський парк.
В ночі у роті виблискує місяця зуб,￼
кожного з нас до ранку перетворивши на згарок. 
Жменька теплого попелу, жменька сухих суниць. 
Наші маленькі радощі, наше велике горе.
Засмієшся – і ніби став байдужим і ницим.
Тиснеш руків'я лопати, наче вороже горло –
задихаюся, бо ввижається, що моє.
Глянь, незабудки розквітли на передпліччі.
Грім весняний – так забавляється Габріель
з нашими іменами у формі кличній.
Діти зчорнілого саду, випаленої дороги.
Як це тепер – класти у землю, аби зійшло?
Пити щодня молоко з присмаком крові,
поки вгорі кружляє тінь людолова.
Мостить гнізда на грушах – хоч виріж усі.
Стань до мене обличчям, тихий, немов трава.
Ніч промине. Ми ступимо по холодній росі.
Будемо розкошувати. Будемо виживати.
2015
(з книжки “Чоловіки, жінки і діти”)","We shall dig a dugout, we shall lead a goat,
there shall be for us a patch of yard, as if it were a Viennese park.
In the night, in the mouth doth sparkle the tooth of the moon,
each of us transformed by morning into a cinder.
A handful of warm ash, a handful of dry strawberries.
Our little joys, our great sorrow.
Thou dost laugh – and seemest as if thou hast become indifferent and base.
Thou dost press the handle of the spade, as if it were the throat of an enemy –
I gasp, for it doth seem that it is mine.
Look, forget-me-nots have bloomed upon the forearm.
The spring thunder – thus doth Gabriel amuse himself
with our names in the vocative form.
Children of the blackened orchard, of the burnt road.
How is it now – to lay in the earth, that it may sprout?
To drink each day milk with the taste of blood,
while above doth circle the shadow of the man-eater.
It doth build nests upon the pears – though thou cut down all.
Turn to me with thy face, quiet, as if thou wert grass.
The night shall pass. We shall step upon the cold dew.
We shall revel. We shall survive."
UP703_1,Kateryna Kalytko,2022.0,Ukrainian,post_2022,7,"Вечірня шкільна екскурсія до друкарні:
лоскітний запах фарби й металу,
світло в цехах масне, 
ніби суп на ребрах,
ротаційні машини і лінотип, 
щойно протертий ганчіркою,
подзвін, з яким розсипається 
тіло тексту,
вкрадена матриця у кишені – літера S,
ніби знак нескінченності,
вони ж самі казали, що латинки
майже не використовують. 
Не віриться, але нас і справді 
хотіли навчити такої праці – 
робити вперту свинцеву кирилицю 
продовженням власних пальців,
складати шпальту актуальних новин
у ритмі, не швидшому за серцебиття набірниці.

Все забуваю спитати, чи й тебе 
писати вчили спершу чорнильною ручкою 
у зошитах з каліграфії,
котра з прописних літер давалась тобі найважче,
чи лишав ти на аркушах ляпки, аби потім
вони проступали крізь промокальний папір
силуетами, що наближаються зі снігового поля – 
і спершу незрозуміло, 
чужі прийшли чи свої.

Навички світу, який минає.

На іншій шкільній екскурсії ми побачили,
як влаштовано хлібзавод, і випадково –
як черстві, аж кам'яні буханці перемелюють,
як сухарне борошно досипають до чистого.
Авжеж, дев'яності, нікому не було діла
до космогонії українського тіста,
до нашої кризи довіри.

І тепер, щоранку, коли 
чужі й свої з усього світу 
питають: ""Ну як там? Уже почалося?"" – чую 
непідробну цікавість до репертуару
жайворонків у час,
поки кухар вивчає рецепт пирога, 
у якому їх запікатиме. 
Але на цій землі
жайворонки тільки гніздяться в житах
і співають над ними, злітаючи по спіралі,
не лягають ніколи начинкою 
у тісто чуже, котре не вміє й дихати.
Немає такої традиції.

Пояснити можливо не все.
Коли ж намагаюся – 
складаю рядки по літері, 
як операторка лінотипу.
Розставляю слова як належить – дзеркально. 
Ніби все спочатку –
абетки свинцеве борошно.
Віддрукований аркуш гарячий, як свіжий хліб.
Та щоразу, щоразу лишається біла пляма,
і щоразу, щоразу хтось перепитує,
чорнильно проступаючи силуетом
крізь папір.

Думаю, справа у вкраденій літері.
Думаю, справді в ній.
Але я її загубила.","The evening school excursion to the printing house:
the pungent scent of paint and metal,
the light in the workshops greasy,
even as soup upon ribs,
the rotary machines and linotype,
just wiped with a cloth,
the chime with which the body of text doth scatter,
the stolen matrix in pocket – the letter S,
even as the sign of infinity,
they themselves did say that Latin letters
are hardly used at all.
I cannot believe, but they truly
did wish to teach us such labor –
to make obstinate lead Cyrillic
a continuation of our own fingers,
to compose the column of current news
in a rhythm not swifter than the heartbeat of the typesetter. // I do forget to ask all, dost thou
learned to write first with a fountain pen
in notebooks of calligraphy,
which of the capital letters was hardest for thee,
didst thou leave blots upon the sheets, that later
they did appear through the blotting paper
as silhouettes approaching from the snowy field –
and at first it is unclear,
whether strangers came or thine own. // The skills of a world that doth pass away. // On another school excursion we did see,
how a bread factory is arranged, and by chance –
how stale, even stony loaves are ground,
how the rusks' flour is added to the clean.
Indeed, the nineties, no one cared
for the cosmogony of Ukrainian dough,
for our crisis of trust. // And now, each morn, when
strangers and kin from all the world
do ask: ""How is it? Hast it begun?"" – I hear
a genuine curiosity for the repertoire
of skylarks in time,
while the cook doth study the recipe for pie,
in which he shall bake them.
But on this land
the skylarks only nest in the rye
and sing above them, soaring in spiral,
do not lie ever as filling
in foreign dough, which knoweth not how to breathe.
There is no such tradition. // To explain mayhap not all.
When I do strive –
I do compose lines letter by letter,
as a linotype operator.
I do arrange words as is proper – mirror-like.
Even as all at the beginning –
the lead flour of the alphabet.
The printed sheet is hot, as fresh bread.
Yet each time, each time there remaineth a white spot,
and each time, each time someone doth inquire,
inkily appearing as a silhouette
through the paper. // I do think, the matter is in the stolen letter.
I do think, truly in it.
But I have lost it."
UP776_9,Iryna Shuvalova,2022.0,Ukrainian,post_2022,9,"9. лютий
---------

ми думали перейти цей лютий
як будь-який інший місяць –
хіба коротший

перейти як переходять маленьку річку
день у день 
з каменя на камінь

постояти перейшовши
на зеленому березі весни

натомість ця ріка реве й хапає нас за ноги
така червона пінява слизька
воістину люта

по коліно в мороці
ми похапцем риштуємо плоти
наші підкочені холоші

важніють
наливаються

може перемогою
може смертю

---------","9. February
--------- // We did think to pass this February
As any other month –
Save for its brevity. // To pass as one doth pass a little river
Day by day
From stone to stone. // To stand after having passed
On the green shore of spring. // Instead, this river doth roar and grasp us by the feet
So red, foamy, and slippery
Verily fierce. // Knee-deep in the murk
We do hastily fashion rafts
Our rolled-up trousers. // They grow weighty
They do fill. // Perhaps with victory
Perhaps with death."
UP776_4,Iryna Shuvalova,2022.0,Ukrainian,post_2022,8,"4. дерев‘яні боги
------------------

що ви знали мої дерев‘яні боги
мої хитромудрі золоті лисиці

коли мій літак
залишав під собою
сіре чорне руде
листопадове поле під борисполем
дзеркальні латки осінньої води

що ви бачили
зі своєї запилюженої
книжкової полиці коли я
приносила вам
шишки листочки камінці
дякуючи за

я думала
нову роботу
успішний переїзд
нарешті видану візу
а виявилося

за вечір у якому ніхто не стріляє
за місто в яке не в‘їжджають танки
за те що ця майже-вісімнадцятирічка

не мусить нікого вбивати
не мусить гинути

-------------------------","4. wooden gods
------------------ // What ye knew of mine wooden gods,
Mine cunning golden foxes. // When mine airplane
Did leave beneath itself
The grey black red
November field beneath Boryspil,
The mirror-like patches of autumn water. // What ye saw
From thine dusty
Bookshelf when I
Did bring to thee
Cones leaves stones,
Thanking for // I did think
Of a new job,
A successful move,
At last a issued visa,
And it hath turned out // For an evening in which no one doth shoot,
For a city into which tanks do not enter,
For that this almost eighteen-year-old // Must not kill anyone,
Must not perish. // -------------------------"
UP803_4,Kateryna Kalytko,2022.0,Ukrainian,post_2022,1,"Відбудувати означає довіритись.
Ось несу 
свій камінь, ось кладу
поруч твого. На чому вони триматимуться?
Світ – колоїдний розчин, первісний
бульйон із молекул
між двома етапами творення,
переназивання.
Наші стіни звиваються, рухаються, ніби
зводимо їх на спині великого змія.
Першим відбудувати дім твого сміху, прогрітий, освітлений,
легкість, свободу
підняти одразу цілком, прийняти
всього тебе у себе. І тому я стою,
тримаю щосили рухомі камені,
поки ти пішов 
по наступні.
#скляні_коліна","To rebuild doth mean to trust. Behold, I carry mine own stone, behold, I lay it beside thine. Upon what shall they rest? The world is a colloidal solution, a primordial broth of molecules between two stages of creation, renaming. Our walls do twist and move, as if we raise them upon the back of a great serpent. First, to rebuild the house of thy laughter, warmed, illuminated, to lift lightness and freedom all at once, to embrace all of thee within myself. And thus I stand, holding with all my might the moving stones, whilst thou hast gone for the next."
UP9_2,Oleksandr Irvanets,2014.0,Ukrainian,2014_2021,1,"А все ж таки в Європі, у Європоньці, 
Та трохи краще, ніж сидіти в копанці...","Yet all the same in Europe, in little Europe,  
'Tis somewhat better than to sit in a pit..."
UP909_1,Kateryna Kalytko,2022.0,Ukrainian,post_2022,8,"Нам потім перевинайти слова.
Ще цей кілок у грудях безіменний.
Та поки я лишаюся жива –
вичерпуй чорну силу просто з мене.

Каміння міст. Нічні тіла ракет.
І лють сурмить у кості серед хаосу.
І – смак води. І світло ще таке,
в якому притулявся і всміхався.

І помста вже дозріла до сівби.
Господь із дому виніс дві валізи. 
Любити, бути, вистояти, вбити.

Ми трохи поле. Трохи ближній ліс,
оця земля, з якої все росте,
уперта кров, що з рани зірве пластир
і потече рікою через степ – 
у море впасти.

Ми пам'ять. Але тут, де стоїмо,
нічого не лишається позаду.

Дивися – це любов. Я ще жива.
Це час, де все насправді називається.

Ось укриття в самому серці мови,
в яке ти зáйдеш.

#еней_не_озирається","We must thereafter re-invent words.  Yet this stake in my breast is nameless.  But whilst I remain alive –  exhaust the black strength straight from me. // Stones of cities. Nightly bodies of rockets.  And rage doth trumpet in the bones amidst chaos.  And – the taste of water. And light still so,  in which I did embrace and smile. // And vengeance hath ripened for sowing.  The Lord hath borne forth two suitcases from the house.  To love, to be, to endure, to kill. // We are somewhat field. Somewhat the nearby forest,  this land, from which all doth grow,  stubborn blood that shall tear the plaster from the wound  and flow as a river through the steppe –  to fall into the sea. // We are memory. But here, where we stand,  nothing doth remain behind. // Look – this is love. I am yet alive.  This is the time, where all is truly named. // Behold the shelter in the very heart of language,  into which thou shalt enter. // #eneas_doth_not_look_back"
UP936_1,Oleh Kotsarev,2022.0,Ukrainian,post_2022,4,"ОЧИЩЕННЯ

Кожного березня,
коли вітер
на гілках грає, мов на струнах,
у передмісті
чомусь підпалюють
поля і галявини.

Може, у пам’ять димчасту
про обряди спалювання
фігури зими
чи заради плодючості зайвої,
чи, зрештою, для очищення.
Так і цього разу.

На чорній траві перед лісом,
серед жовтих плантацій пшінки
шматочок лайна лежить,
вигорілий аж до білого
кольору,
а отже –
зовсім-зовсім очищений,
готовий
до нової весни.","Cleansing // Each March, when the wind doth play upon the branches, as upon strings, in the suburb, for some reason they do set fire to the fields and glades. // Mayhap, in the smoky memory of the rites of burning the figures of winter, or for the sake of excessive fertility, or, after all, for cleansing. Thus it is this time. // Upon the black grass before the forest, amidst the yellow plantations of amaranth, a piece of dung doth lie, burnt to white color, and thus – completely cleansed, ready for the new spring."
UP965_1,Maria Galina,2022.0,Ukrainian,post_2022,1,"Коли ми їхали, я взяла трошки  зайвих речей для мірного часу, наприклад шовковий піджак, щоб ходити літом на івенти, та улюблені буси. Книжок не взяла, бо важкеньки. Сподіваюся незважаючи на все,  що намисто ще буде куди надіти, тім  більше це бурштин, веніцийки та баламути
Ось за чим шкодую, забула улюблені джинси","When we did ride, I took a few superfluous things for peaceful times, forsooth a silken jacket, to walk in summer to events, and mine beloved beads. I took not books, for they be heavy. I do hope, despite all, that the necklace shall yet have a place to don, the more so as it be amber, venetians, and balamuts. Herein lies that which I do regret, I did forget mine beloved jeans."
__row_index_3342_1,Ihor Mitrov,2021.0,Ukrainian,2014_2021,2,"коли я виросту
стану провідником пасажирських вагонів
як батьки
уявіть собі
безплатно в потязі кататися
залазити на другу полицю
дивитися у вікно
гризти залізничний цукор
буду їздити в херсон
як мама
або в москву
як тато
уявіть собі
все життя
в потязі кататися
безплатно

2022","When I dost grow up, I shall become a conductor of passenger carriages, as my parents. Imagine thyself, riding for free upon the train, climbing to the second shelf, gazing out the window, gnawing on railway sugar. I shall travel to Kherson, as my mother, or to Moscow, as my father. Imagine thyself, all life long, riding upon the train for free."
__row_index_3381_1,Ihor Mitrov,2019.0,Ukrainian,2014_2021,3,"[жменя кільки]

графоманія це коли ти гуляєш лісовим
і дрон із шипунісом кажуть
мітруша ти ж охуєнний поет
напиши вірш про жменю кільки
а я ж охуєнний поет
я кажу да ок щас
і одразу в голові цілий образний ряд
у якому моє рідне місто
мій рідний дідусь
мій рідний батько
вони працювали на консервному заводі
вони годували кількою весь радянський союз
весь радянський союз жер кільку з керченського консервного заводу
мабуть тому він і розвалився
цей грьобаний радянський союз
мій дідусь помер
батька я не бачив п'ять років
як і рідне місто
а рука ставридкою бздить
ніби з колишньою
помирився

2019","[a handful of sprats] // Graphomania, 'tis when thou dost walk in the forest,
And a drone with a shypunis doth say,
""Mitrusha, thou art an amazing poet;
Write a verse about a handful of sprats.""
And I, an amazing poet,
Say, ""Yea, alright, I shall now.""
And straightaway in mine head, a whole array of images doth form,
In which mine native city,
Mine native grandfather,
Mine native father,
They did work at the cannery,
They did feed sprats to all the Soviet Union.
The whole Soviet Union did consume sprats from the Kerch cannery.
Perhaps that is why it did crumble,
This damned Soviet Union.
Mine grandfather hath passed away,
Mine father I have not seen for five years,
As well as mine native city.
And a hand doth fart like a horse mackerel,
As if reconciled with a former one. // 2019"
__row_index_3409_1,Ihor Mitrov,2018.0,Ukrainian,2014_2021,1,"коли сонце назавжди
сховається в надрах землі 
коли закиплять
востаннє
всі води й
охолонуть навіки
набувши твердої удачі
і заковзають ними
веселі комахи
з людськими очима
і залишать на кризі
слова невідомої мови
тоді я прокинуся
і розчахну всі фіранки
розписна
заморожена
гідрія","When the sun shall forever hide
In the bowels of the earth,
When all waters shall boil
For the last time,
And shall cool forever,
Gaining solid fortune,
And shall slide upon them
Merry insects
With human eyes,
And shall leave upon the ice
Words of an unknown tongue,
Then I shall awaken
And shall fling wide all curtains,
Painted,
Frozen,
Hydria."
__row_index_3428_1,Ihor Mitrov,2017.0,Ukrainian,2014_2021,12,"[касабланка]

у нас із тобою назавжди
залишиться наш париж
ми його були загубили
а минулої ночі знову
відшукали

минулої ночі 
коли твої вулиці 
кисло пахли опалими яблуками 
тепер усі яблука падають 
як солдати на верденському полі 
навіть недостиглі 
навіть зав’язки

лише одне надгризене 
висіло минулої ночі на прозорій гілці 
світило нам наче воля 
з уявленням

ми відповідно дивилися на нього 
воліючи 
і 
уявляючи 
яке воно на смак

ти казала
що воно на смак
як сніг з верхівки ай-петрі

я казав ні
воно смакує
караїмським чебуреком

ти засміялася 
а потім заплакала 
настав холодний осінній 
помірно-континентальний ранок

і якщо вночі 
ти була збуджена 
і пристрасно шепотіла мені на вухо 
українські пестливі слова 
то тепер стала суха 
ніби степовий вітер 
і російськомовна 
наче цинкова труна

цей келих за тебе крихітко 
у нас назавжди залишиться 
наш сімферополь

ти мусиш
сісти на цей корабель

2017","[casablanca] // In us with thee shall remain forever
Our Paris,
We had lost it,
Yet last night once more
We did find it. // Last night,
When thy streets
Did sourly smell of fallen apples,
Now all apples do fall
Like soldiers on Verdun's field,
Even unripe,
Even buds. // Only one gnawed
Did hang last night on a transparent branch,
It did shine for us as if freedom
With imagination. // We did gaze upon it accordingly,
Wishing
And
Imagining
What it might taste like. // Thou didst say
That it doth taste
Like snow from the peak of Ai-Petri. // I did say nay,
It doth taste
Like Karaim cheburek. // Thou didst laugh
And then didst weep,
A cold autumn
Moderately continental morn did arrive. // And if at night
Thou wert excited
And didst passionately whisper in mine ear
Ukrainian tender words,
Then now thou hast become dry
Like the steppe wind
And Russian-speaking
As if a zinc coffin. // This glass to thee, my little one,
Shall remain with us forever,
Our Simferopol. // Thou must
Sit upon this ship. // 2017"
__row_index_3474_1,Ihor Mitrov,2023.0,Ukrainian,post_2022,8,"традиційне. усіх зі святом

ДЕНЬ ПОЕЗІЇ

ми зі знайомим ішли ярославовим валом і курили
із даху накрапала вода й падали шматки криги
мороз покинув цю зиму напризволяще сказав я бо був поетом
тобто може й не був але так називав мене мій знайомий
і ще кілька десятків людей які мене знали

мій знайомий не знав що таке поезія і тим більше верлібр
він просто знав що я поет як знав що на вулиці січень
хоч я про це йому й не казав – ні про січень ні про свої верлібри
мабуть якийсь інший мій знайомий
чи знайома яких у мене набагато більше адже я поет

їм необов’язково читати целяна сильвію плат
бодлера лєрмонтова чи транстремера
(upd: лєрмонтова у принципі читати не треба)
чи шевченка врешті-решт пізнього й раннього
вони й моїх віршів не читали
їм просто достатньо знати що я поет

щоб розповідати про це іншими своїм знайомим
які потім розкажуть своїм а ті своїм і так далі
так поступово всі навколо починають вважати тебе поетом
навіть не читаючи твоїх віршів
адже необов’язково читати пушкіна щоб знати що він поет (upd: як це забути)

ти просто у школі чув про це от і знаєш (upd: бля, як це забути)
мабуть саме так приходить відомість визнання повага слава
мабуть так вона прийшла до лорда байрона й таємного радника фон ґьоте
знайомтеся це джордж поет знайомтеся це йоган поет
поль поет артюр поет артюр поет поль поет дуже приємно

дуже приємно усвідомлювати себе поетом
думав я коли ми зі знайомим ішли ярославовим валом і курили
думав ще про самогубство криги божевілля ожеледі й ще про щось
а також поволі подумав що життя не римується зі смертю
вирішив ну і похуй я все одно пишу верлібри","Traditional. All with the feast. // DAY OF POETRY // We with an acquaintance did walk the Yaroslav's rampart and did smoke.
From the roof did drip water and pieces of ice did fall.
Frost hath left this winter to its own devices, I did say, for I was a poet,
That is to say, mayhap I was not, but thus did my acquaintance call me,
And yet a few score souls who did know me. // My acquaintance did not know what poetry was, and all the more, what free verse was.
He simply knew that I was a poet, as he knew that it was January outside,
Though I did not tell him of this – neither of January nor of my free verses.
Perchance some other acquaintance of mine,
Or acquaintance of whom I have far more, for I am a poet. // They need not necessarily read Celiana, Silvius, Plat,
Bodler, Lermontov, or Transtremere,
(upd: Lermontov in principle need not be read)
Nor Shevchenko, in the end, late and early,
They have not read my verses,
They simply need to know that I am a poet. // To tell of this to others, thy acquaintances,
Who then shall tell their own, and they theirs, and so forth,
Thus gradually all around dost begin to consider thee a poet,
Even without reading thy verses,
For it is not necessary to read Pushkin to know that he is a poet (upd: how could this be forgotten). // Thou simply didst hear of this in school, and thus dost know (upd: damn, how could this be forgotten).
Perchance this is how fame, recognition, respect, and glory dost come,
Perchance thus it did come to Lord Byron and the secret counselor von Goethe.
Meet, this is George, poet; meet, this is Johan, poet;
Paul, poet; Arthur, poet; Arthur, poet; Paul, poet; very pleased. // Very pleasing it is to be aware of oneself as a poet,
I did think, when we with an acquaintance did walk the Yaroslav's rampart and did smoke.
I did think yet upon the suicide of ice, the madness of frost, and yet upon something else,
And also did slowly think that life doth not rhyme with death.
I did resolve, well, to hell with it, I still write free verses."
__row_index_3508_1,Ihor Mitrov,2025.0,Ukrainian,post_2022,3,"г а в а н с ь к и й  ш т у р в а л

за велінням бога-отця від якого маємо всі дари
в ім'я господа нашого Ісуса Христа
за сприяння святого духу що втішає
ми зустрілися нині
      той день запам'ятався всім історичною зустріччю на острові Куба
      папи римського франциска і патріарха московського кіріла
          того дня я запізнився на останній трамвай із Чернігівської на дврз
          і звісно ж не мав грошей на таксі
із радістю ми зустрілися як брати по християнській вірі
щоб говорити устами до уст від серця до серця
обговорити взаємини між церквами
насущні проблеми нашої пастви
і перспективи розвитку людської цивілізації
      вперше після великої схизми 1054 року
      начальник католиків і начальник православних чекістів
      зустрілися на острові Куба покурити один одному сигари
          не лише я запізнився на транспорт тієї ночі
          поруч на зупинці стояла красива жінка за тридцять
          вона була трохи напідпитку й мала розгублений вигляд
          попросила в мене цигарку й запитала де трамвай
зустрівшись далеко від старих суперечок Старого Світу
ми з особливою силою відчуваємо необхідність
спільної праці католиків і православних
      а потім тими самими ротами
      поговорити на весь світ про найважливіше
      про єднання мир і любов
          виявилося що нам із нею в один бік і ми вирішили йти разом
          вона витягла з сумки ледь почату пляшку вина
          і ми неспішно рушили трамвайною колією в бік дврз
усвідомлюючи всі перешкоди що належить подолати

++
гори у пеклі, йобаний чорт","g a v a n s k y y  s h t u r v a l // By the command of God the Father, from whom we all dost receive gifts,
In the name of our Lord Jesus Christ,
By the assistance of the Holy Spirit, who dost comfort,
We have met this day.
That day hath been remembered by all as a historical meeting on the island of Cuba,
Of Pope Francis of Rome and Patriarch Kirill of Moscow.
On that day, I did arrive late for the last tram from Chernihivska to Dvrs,
And of course, I had no coin for a taxi.
With joy, we did meet as brothers in the Christian faith,
To speak mouth to mouth, from heart to heart,
To discuss the relations between the churches,
The pressing problems of our flock,
And the prospects for the development of human civilization.
For the first time since the Great Schism of 1054,
The chief of Catholics and the chief of Orthodox Chekists
Did meet on the island of Cuba to smoke cigars with one another.
Not only did I arrive late for transport that night,
Beside me at the stop stood a beautiful woman over thirty,
She was somewhat tipsy and had a bewildered look,
She did ask me for a cigarette and inquired where the tram was.
Having met far from the old disputes of the Old World,
We with special strength do feel the necessity
Of the joint labor of Catholics and Orthodox,
And then with those very mouths,
To speak to the whole world of the most important matters,
Of unity, peace, and love.
It did turn out that we were going in the same direction, and we did decide to go together.
She did pull from her bag a barely started bottle of wine,
And we did leisurely set forth along the tramway towards Dvrs,
Realizing all the obstacles that we must overcome. // We do hope that our meeting shall become a significant contribution
To the cause of achieving unity for which Christ did pray.
With our unwashed mouths,
About terrorism and the persecution of Christians in the Middle East,
About Syria, Iraq, and North Africa.
Whilst we did walk, she did tell me of her husbands and lovers,
Why she did send them all away and why she did take others,
Who are no better than the previous ones.
Family founded upon marriage –
An act of free and devoted love
Between a man and a woman.
Marriage is a school of love and devotion.
With our filthy mouths,
About the civil conflict and religious schism in Ukraine.
We did drink her wine and smoke my cigarettes,
She did speak and I did listen,
Stealthily gazing upon her face in the dim light of the night’s fires.
We are very sad due to the confrontation in Ukraine,
Which hath taken countless lives and led to the suffering of peaceful inhabitants,
Causing a deep economic and humanitarian crisis in society.
We do call upon all parties of the conflict to prudence.
With our whorish mouths,
About the unprecedented revival
Of the Christian faith in Russia.
When the time did come to bid farewell,
She did invite me to her for sacred sacraments,
But I had long been awaited in another place,
And therefore I was compelled to decline.
Christ,
The source of joy and hope. // Faith in Him doth change the life of a man
And doth fill it with meaning.
That day hath been remembered by all as a historical meeting on the island of Cuba,
Of Pope Francis of Rome and Patriarch Kirill of Moscow.
I do recall a beautiful, experienced woman just over thirty,
Whom I did foolishly dismiss in the midst of Dvrs,
When I was just over twenty,
And then for long did regret it.
Filled with gratitude for the gift of mutual understanding revealed at our meeting,
We do turn with prayer to the Most Holy Mother of God.
By their hypocritical Havana Declaration,
By their interconfessional Havana union,
By their unprecedented Havana helm.
At last, she did suddenly ask me if I be not a poet.
Nay, from whence did this thought arise? I did reply with a smile.
She did silently shrug, took her last sip of wine,
Placed in my hands an empty bottle, and slowly did depart.
I did follow her with mine eyes until she did vanish in the darkness of the yards.
Then I did toss the bottle into the bin and went my own way.
May the blessed Virgin Mary, by her intercession,
Strengthen the brotherhood of all who do honor her,
That in God-appointed time they may be gathered in peace and harmony into one people of God.
May the name of the consubstantial and indivisible Trinity be praised.
For the first time since the Great Schism of 1054,
I did meet her the next day in the supermarket.
She did not recognize me or feigned not to recognize me.
I too did decide not to greet her. // ++
Mountains in hell, damned devil!"
__row_index_3561_1,Olena Boryshpolets,2025.0,Ukrainian,post_2022,6,"Хто з нас залишиться 
повинен розмовляти

про ворога про себе і про себе і про нас
обличчям до землі
до мертвих
куди поділися вони
і ті кого вони лякають насмерть коли счезають

у кого вистачає нині голови
і рук
щоб здійснювати рух
казати правду
знову неможливо
стояти до страху любов’ю
засуджувати кожного і всіх
хто схожий не на тебе 
о, ми ще вдаримо 
один по одному
ще вдаримо

використовувати розум за призначенням
поки пливе кача
хто серед них

Безслів'я вимагає силу тих
хто як поет сміється-плаче
і розповідає
той хто не зник

зникає",Who among us shall remain must speak.
